farmer_id,name,father_name,dob,gender,mobile,village_code,district_code
AS00000001,Gagan Sami,Ayushman Chander,1960-08-18,F,9914763202,MH004V001,MH004
AS00000004,Gayathri Chaudry,Lajita Chatterjee,1970-03-07,F,8171069472,MH001V004,MH001
AS00000005,Bassi Aishani,Jeet Radhakrishnan,1951-02-11,M,9217734861,MH003V005,MH003
AS00000010,Theodore Nair,Veer Balay,2000-07-14,F,9942478695,MH004V010,MH004
AS00000011,Nandini Loyal,Siddharth Murty,1960-03-21,M,9305718272,MH007V011,MH007
AS00000013,Priya Rastogi,Theodore Devi,1980-06-04,M,9721890096,MH003V013,MH003
AS00000014,Gavin Batta,Michael Dutta,1999-08-27,M,7738360085,MH004V014,MH004
AS00000015,Devansh Rajan,,1962-11-10,M,9677280546,MH001V015,MH001
AS00000016,Ishwer Yadav,,1965-09-21,M,9383968123,MH009V016,MH009
AS00000017,Nakul Setty,Adya Tella,1997-08-08,M,9458153605,MH007V017,MH007
AS00000018,Y. Cherian,Yashica Issac,1956-02-25,M,8236843584,MH006V018,MH006
,Neel Zacharia,Ekiya Suresh,1947-01-29,M,9890880074,MH003V019,MH003
AS00000020,Janani Mohanty,Dalbir Khosla,2005-07-02,F,8399147754,MH001V020,MH001
AS00000022,Noah Lanka,Siddharth Zacharia,1997-02-23,F,7437064353,MH002V022,MH002
AS00000023,D. Rastogi,Raksha Varughese,1976-06-22,F,7751397897,MH005V023,MH005
AS00000024,Yug Kar,Hamsini Bail,1985-10-14,M,9126226563,MH005V024,MH005
AS00000027,Urvashi Kibe,Niharika Gupta,1952-03-03,M,8537656494,MH003V027,MH003
AS00000028,R. Pandya,Nirja Sibal,2004-07-14,F,7902638839,MH007V028,MH007
AS00000029,Guneet Bhat,Harinakshi Chopra,1962-09-03,M,9790147183,MH007V029,MH007
AS00000033,Nandini Bhargava,Ladli Agate,1972-04-26,F,7967797300,MH009V033,MH009
AS00000036,Yadavi Wali,Dakshesh Trivedi,1951-03-16,M,7306785808,MH005V036,MH005
AS00000037,Ekapad Bir,Netra Dar,2006-05-03,M,8148872110,MH005V037,MH005
AS00000039,William Lanka,Karan Mital,1976-11-12,F,7560452529,MH008V039,MH008
AS00000043,Chandani Chawla,Aishani D’Alia,2006-04-18,F,8538460431,MH008V043,MH008
AS00000045,Yashasvi Suresh,Charan Chanda,1988-11-30,F,9130998324,MH005V045,MH005
AS00000046,Aradhana Basu,Gauri De,1989-02-08,F,8607042130,MH009V046,MH009
AS00000047,Neel Sathe,,1950-11-15,F,9579476614,MH005V047,MH005
AS00000049,Janya Baral,Shivansh Krish,1991-02-19,M,9604111692,MH007V049,MH007
AS00000051,Nitara Bakshi,Gaurangi Sabharwal,2000-05-05,F,7832077572,MH003V051,MH003
,A. Panchal,Garima Bala,1953-08-07,F,9375919523,MH009V055,MH009
AS00000057,Rajata Vaidya,Lekha Gupta,1963-02-01,M,9148690765,MH005V057,MH005
AS00000058,R. Agarwal,,1950-07-07,F,9841183219,MH008V058,MH008
AS00000060,E. Rau,Joshua Handa,1974-05-13,M,9680051935,MH010V060,MH010
,Qushi Nagy,,1991-09-23,M,8864935082,MH007V062,MH007
AS00000063,Solanki Yasti,,1980-10-29,M,8584853393,MH002V063,MH002
,G. Keer,Umang Issac,1955-10-12,M,8203685265,MH002V064,MH002
AS00000066,Talwar Leena,Yagnesh Divan,1990-05-25,F,7918630985,MH005V066,MH005
AS00000070,Shivani Lad,Aradhana Verma,1978-09-23,M,8718216692,MH001V070,MH001
AS00000071,Anvi Sarraf,Bhavika Keer,1964-03-29,F,7184446671,MH004V071,MH004
AS00000072,Ekaja Zachariah,Lakshit Dora,1961-06-28,M,9746820987,MH002V072,MH002
AS00000074,Ojasvi Bhatia,Osha Ramachandran,2007-04-29,F,7695192667,MH010V074,MH010
AS00000077,Vedika Balakrishnan,Gayathri Ravel,1995-01-12,F,9819532005,MH009V077,MH009
AS00000078,Unni Datta,Meera Bala,1951-06-19,M,7927720428,MH002V078,MH002
AS00000079,Shenoy Krishna,Chandresh Lad,1971-07-20,M,8755621841,MH007V079,MH007
AS00000082,Biswas Udarsh,Azaan Kota,1959-04-27,M,9120405269,MH008V082,MH008
AS00000084,Udyati Kunda,Oliver Contractor,1998-09-06,F,8372354893,MH008V084,MH008
AS00000089,Saran Michael,Anamika Yohannan,1998-06-19,F,8499446327,MH001V089,MH001
AS00000090,Udyati Sarin,Ekantika Korpal,2002-04-13,F,7627422192,MH008V090,MH008
AS00000092,Warda Nair,Vinaya Kala,1969-11-24,F,7871880418,MH002V092,MH002
AS00000094,Ray Wyatt,Wridesh Soni,1989-09-15,M,7723464439,MH009V094,MH009
