source,source_row_pk,true_farmer_id
kcc,KCC2693432417,TF000000
nfsm,NSM4115714,TF000000
pmfby,FBY821042556,TF000001
kcc,KCC6679159696,TF000001
agristack,AS00000001,TF000001
pmfby,FBY597871670,TF000002
pmkisan,PMK29091632,TF000002
nfsm,NSM664470,TF000002
kcc,KCC9968347338,TF000002
pmkisan,PMK52789827,TF000003
kcc,KCC2277919198,TF000004
nfsm,NSM8650325,TF000004
pmkisan,PMK99058549,TF000004
agristack,AS00000004,TF000004
agristack,AS00000005,TF000005
pmkisan,PMK97133095,TF000006
pmfby,FBY840661797,TF000006
kcc,KCC6345562100,TF000007
pmkisan,PMK31157679,TF000008
pmfby,FBY252782162,TF000009
nfsm,NSM5526818,TF000009
agristack,AS00000010,TF000010
agristack,AS00000011,TF000011
pmfby,FBY905274587,TF000012
nfsm,NSM5561358,TF000012
kcc,KCC5059196673,TF000012
pmkisan,PMK92549289,TF000012
agristack,AS00000013,TF000013
kcc,KCC737293582,TF000013
nfsm,NSM2277531,TF000014
pmfby,FBY642336961,TF000014
agristack,AS00000014,TF000014
kcc,KCC7196375720,TF000015
agristack,AS00000015,TF000015
pmfby,FBY832742662,TF000015
agristack,AS00000016,TF000016
kcc,KCC6403623109,TF000017
agristack,AS00000017,TF000017
kcc,KCC532103885,TF000018
pmkisan,PMK25004300,TF000018
agristack,AS00000018,TF000018
pmfby,FBY599717590,TF000018
pmfby,FBY169268527,TF000019
kcc,KCC2530739768,TF000019
agristack,,TF000019
nfsm,NSM4871815,TF000019
pmkisan,PMK49444446,TF000020
pmfby,FBY131233264,TF000020
agristack,AS00000020,TF000020
pmfby,FBY485393193,TF000021
