card_no,name,dob,mobile,village,land_ha,credit_limit
KCC2693432417,Aryan Maharaj,1995-11-14,9339670711,MH002V000,0.4,54205.57
KCC6679159696,Gagan Saml,1960-08-18,9914763202,MH004V001,3.7,29419.95
KCC9968347338,Yashasvi Bala,1976-04-27,9692749116,MH008V002,4.38,174631.9
KCC2277919198,Gayathri Chaudry,1970-03-07,8171069472,MH001V004,6.48,151547.91
KCC6345562100,FariqzKaul,1976-08-09,7448059918,MH003V007,4.41,26274.16
KCC5059196673,Meghana Shanker,1962-07-14,9278575192,MH009V012,6.72,60388.58
KCC737293582,P. Rastogi,,9721890096,MH003V013,1.68,20807.12
KCC7196375720,Devansh Rajan,1962-11-10,9677280546,MH001V015,3.77,93255.07
KCC6403623109,Nakul Setty,,9458153605,MH007V017,6.67,31256.04
KCC532103885,Yashica Cherian,1956-02-25,8236843584,MH006V018,4.74,77198.94
KCC2530739768,Neel Zacharia,1947-01-29,9890880074,MH003V019,7.08,173132.72
KCC3438737904,Noah Lanka,1997-02-23,7437064353,MH002V022,7.6,115338.37
KCC4650178544,Thomas Amble,1950-05-04,9698509918,MH007V025,1.91,167808.14
KCC4533256076,Turvi Krish,1949-03-12,9433975497,MH006V031,1.51,29361.25
KCC4633744010,Nandini Bhargava,1972-04-26,7967797300,MH009V033,7.73,62996.37
KCC9129121035,Suhani Mangal,1958-09-03,8327761953,MH008V034,6.84,26266.46
KCC328528151,Balveer Bumb,1959-08-26,8628008852,MH008V038,1.09,116033.88
KCC8455459101,Y. Lanka,2005-08-02,7904187231,MH002V041,0.67,105089.71
KCC8554764487,Neel Sathe,1950-11-15,9579476614,MH005V047,6.73,196347.18
KCC1102011583,Janya Baral,,9604111692,MH007V049,6.99,191286.52
KCC5649700301,Irya Ray,2000-03-08,9901834280,MH004V050,5.12,18738.28
KCC5465715540,Iyengar Tristan,2001-08-03,7417001612,MH007V053,4.66,157390.79
KCC289733729,Arya Panchal,1953-08-07,9375919523,MH009V055,4.11,173426.71
KCC6841902650,Vaidya Rajata,1963-02-01,9148690765,MH005V057,5.26,83842.71
KCC3434669423,Q. Nagy,1991-09-23,8864935082,MH007V062,3.52,82371.84
KCC488012783,Chacradhar Konda,1973-12-14,9805165232,MH006V065,1.01,163372.06
KCC2517811445,H. Sandal,1977-05-13,8466034277,MH009V067,1.88,138054.06
KCC333134401,Shivani Lad,1978-09-23,8718216692,MH001V070,3.79,162251.21
KCC5105222165,MichaelyKala,1968-04-08,8735032128,MH008V073,3.65,168022.36
KCC5881662609,O. Bhatia,2007-04-29,7695192667,MH010V074,4.16,95599.39
KCC7890353519,Vedika Balakrishnan,1995-01-12,9819532005,MH009V077,3.14,190722.17
KCC1650763263,Krishna Shenoy,1971-07-20,8755621841,MH007V079,3.04,97719.2
KCC4248335661,Biswas Udarsh,1959-04-27,9120405269,MH008V082,3.7,55303.51
KCC728500180,Udyati Kunda,1998-09-06,8372354893,MH008V084,0.54,156585.26
KCC6741449139,Deepa Chokshi,1972-09-28,7598885034,MH009V085,2.84,160310.75
KCC3694086231,Faqid Kibe,1999-12-08,8483298103,MH008V086,2.18,179981.12
KCC7157167779,Idika Walia,1980-03-07,9880697625,MH006V087,7.41,135574.65
KCC8272891220,Advik Salvi,1970-05-26,7567013808,MH001V088,5.87,16611.8
KCC8802910709,Saran Michael,1998-06-19,8499446327,MH001V089,4.92,14923.53
KCC3399078604,Udyati Sarin,2002-04-13,7627422192,MH008V090,1.87,163997.51
KCC4516035019,Nair Warda,1969-11-24,7871880418,MH002V092,0.71,95495.15
KCC4760351783,Ray Wyatt,1989-09-15,7723464439,MH009V094,0.93,133714.7
KCC9705589178,Sara Badal,1973-04-09,8586989309,MH005V095,3.97,69390.67
KCC3170284153,Damini Pillay,1996-07-06,9600871106,MH009V096,4.58,174191.13
KCC761588643,Reyansh Mutti,1960-06-23,8676267306,MH008V098,4.86,19719.96
KCC732107197,Aradhana Vohra,1965-11-29,7830572478,MH007V099,4.13,153443.38
KCC4753214787,Gola Jalsa,1954-05-14,7590687732,MH003V100,5.77,122807.68
KCC6903613440,Chakradev Bhagat,1952-09-24,8726745401,MH006V101,2.78,42397.29
KCC9676960067,Bhavani Singh,1958-04-19,8262598077,MH004V102,0.35,116568.49
KCC523326383,Zayyan Sridhar,1979-03-20,,MH008V103,7.31,156523.11
