app_id,name,mobile,survey_no,crop,seed_subsidy_amt,season
NSM4115714,Aryan Maharaj,,72/2,rice,3209.08,rabi_2023
NSM664470,Yashasvi Bala,9692749116,151/6,rice,2210.57,rabi_2023
NSM8650325,Gayathri Chaudry,8171069472,109/6,pulse,2925.4,rabi_2023
NSM5526818,Onveer Walla,7694768704,118/4,rice,818.86,kharif_2023
NSM5561358,Meghana Shanker,9278575192,209/8,cotton,4028.32,rabi_2024
NSM2277531,G. Batta,,21/2,jowar,1088.95,rabi_2023
NSM4871815,Neel Zachfria,9890880074,474/6,cotton,1500.95,kharif_2023
NSM3871481,Frederick Sunder,7944420824,161/7,rice,4665.09,rabi_2024
NSM3708239,Thomas Amble,9698509918,128/2,soybean,2965.42,rabi_2024
NSM7719030,Ganga Bobal,,321/4,pulse,862.6,kharif_2024
NSM8567842,Urvashi Kibe,8537656494,170/9,bajra,3945.18,kharif_2023
NSM4098591,R. Pandya,7902638839,377/9,pulse,3556.14,rabi_2024
NSM4645661,Guneet Bhat,9790147183,220/3,soybean,3925.53,rabi_2024
NSM7371524,Ranveer Yadav,8340756713,333/2,wheat,3512.56,rabi_2023
NSM5463613,Girik Khalsa,7497897455,36/9,wheat,4229.18,kharif_2024
NSM5044163,Nandini Bhargava,7967797300,471/9,pulse,2528.61,kharif_2023
NSM5063522,Suhani Mangal,8327761953,182/5,sugarcane,3740.34,rabi_2023
NSM5356374,feerth Bhardwaj,9415933049,114/7,sugarcane,3856.71,kharif_2024
NSM5543619,Balveer Bumb,8628008852,38/1,soybean,2372.78,kharif_2023
NSM8303945,Lanka William,7560452529,157/1,cotton,2983.97,rabi_2023
NSM841609,Kala Mane,7368830491,14/2,wheat,3431.79,rabi_2023
NSM581153,Chandani Chawla,8538460431,171/6,soybean,2975.43,rabi_2024
NSM9924128,Yashasvi Suresh,9130998324,499/4,sugarcane,4608.18,rabi_2023
NSM6260583,Aradhana Basu,8607042130,125/8,bajra,4044.73,rabi_2024
NSM5911261,Neel Sathe,9579476614,276/8,jowar,1574.62,rabi_2023
NSM9674043,Janya Baral,9604111692,401/5,bajra,3320.6,rabi_2024
NSM9607138,Nitara Bakshi,7832077572,406/3,soybean,1144.03,rabi_2024
NSM8166890,Pranav Lanka,8495765839,345/5,jowar,1496.15,kharif_2024
NSM3237187,Rajata Vaidya,,485/1,pulse,2169.55,rabi_2023
NSM5852022,Rajata Agarwal,9841183219,190/4,pulse,4900.29,kharif_2024
NSM23435,Owen Mitra,8581331845,399/6,rice,4838.12,kharif_2024
NSM1791877,Qushi Nagy,8864935082,466/8,rice,3188.26,kharif_2024
NSM9155284,Yasti Solanki,8584853393,455/4,jowar,3492.99,kharif_2024
NSM6973599,Girik Keer,8203685265,382/6,wheat,4735.08,kharif_2024
NSM2610929,Sandal Hredhaan,8466034277,81/6,jowar,1724.46,kharif_2023
NSM8869600,Saanvi Thaman,,221/3,bajra,4377.94,kharif_2024
NSM5145341,Shivani Lak,8718216692,220/7,sugarcane,3281.56,rabi_2023
NSM8379959,Ekaja Zachariah,9746820987,79/2,pulse,3322.48,kharif_2024
NSM2707365,Unni Datta,7927720428,277/9,jowar,3617.81,rabi_2023
NSM5064839,K. Shenoy,8755621841,146/8,cotton,1767.97,rabi_2024
NSM5609009,Siddharth Sha,9788460744,247/6,rice,912.71,rabi_2023
NSM5424650,Zayyan Bumb,7501538092,121/7,jowar,1119.2,kharif_2024
NSM2984141,Biswas Udarsh,9120405269,132/4,bajra,3375.28,kharif_2023
NSM2070990,Michael Khare,8560891752,1/6,bajra,2948.37,kharif_2023
NSM4193608,Chokshi Deepa,,357/8,soybean,4486.06,kharif_2023
NSM66538,F. Kibe,8483298103,442/1,sugarcane,2239.9,rabi_2024
NSM4129209,I. Walia,9880697625,218/2,soybean,1879.23,kharif_2024
NSM6457905,Advik Salvi,7567013808,141/1,bajra,802.55,rabi_2024
NSM9574429,Arya Seshadri,9864299201,364/3,cotton,2993.1,rabi_2024
NSM5997357,Harini Mammen,9656307931,79/5,soybean,1627.72,kharif_2024
