policy_no,name,village,survey_no,crop,season,area_ha,bank_acct_last4
FBY821042556,Gagan Sami,MH004V001,413/3,jowar,kharif_2024,2.18,7924
FBY597871670,Yashasvi Bala,MH008V002,151/6,rice,rabi_2023,2.76,4150
FBY840661797,Janaki Handa,MH009V006,223/3,wheat,kharif_2023,3.87,8433
FBY252782162,Onveer Walla,MH004V009,118/4,rice,kharif_2023,0.55,1117
FBY905274587,Meghana Shanker,MH009V012,209/8,cotton,rabi_2024,5.78,8886
FBY642336961,Batta Gavin,MH004V014,21/2,jowar,rabi_2023,2.81,7868
FBY832742662,D. Rajan,MH001V015,110/9,soybean,rabi_2023,2.58,5345
FBY599717590,Y. Cherian,MH006V018,22/5,wheat,kharif_2023,2.8,6974
FBY169268527,Neel Zacharia,MH003V019,474/6,cotton,kharif_2023,3.86,7745
FBY131233264,J. Mohanty,MH001V020,443/2,jowar,kharif_2024,4.98,5573
FBY485393193,FredericksSunder,MH002V021,161/7,rice,rabi_2024,2.86,9379
FBY177384653,Noah Lanka,MH002V022,340/2,sugarcane,kharif_2024,6.36,5920
FBY621706323,Rastogi Devika,MH005V023,336/6,pulse,rabi_2023,1.5,8618
FBY360398329,U. Kibe,MH003V027,170/9,bajra,kharif_2023,4.14,8633
FBY609518162,Raagini Pandya,MH007V028,377/9,pulse,rabi_2024,5.96,4613
FBY699030238,Guneet Bhat,MH007V029,220/3,soybean,rabi_2024,3.93,8564
FBY401065836,Ranvesr Yadav,MH008V030,333/2,wheat,rabi_2023,0.32,1659
FBY227292798,S. Mangal,MH008V034,182/5,sugarcane,rabi_2023,6.82,6576
FBY687988311,Teerth Bhardwaj,MH008V035,114/7,sugarcane,kharif_2024,2.5,4986
FBY265896141,Yadavi Wali,MH005V036,162/2,soybean,kharif_2024,1.51,9779
FBY539989376,Ekapad Bir,MH005V037,499/1,soybean,kharif_2024,0.16,5786
FBY377654756,Elijah Andra,MH008V040,119/5,pulse,rabi_2023,2.91,5632
FBY664539775,Kala Mane,MH001V042,14/2,wheat,rabi_2023,6.28,4750
FBY291707639,Chandani Chawla,MH008V043,171/6,soybean,rabi_2024,7.26,2713
FBY787131008,Nachiket Magar,MH002V044,1/9,bajra,rabi_2024,5.49,
FBY753583670,Yashasvl Suresh,MH005V045,499/4,sugarcane,rabi_2023,2.0,3594
FBY917666076,Basu Aradhana,MH009V046,125/8,bajra,rabi_2024,4.62,3369
FBY214176345,Janya Baral,MH007V049,401/5,bajra,rabi_2024,6.47,6546
FBY107825116,Irya Ray,MH004V050,47/7,rice,kharif_2023,5.07,2612
FBY429212965,Bakshi Nitara,MH003V051,406/3,soybean,rabi_2024,1.68,3785
FBY860996510,Tristan Iyengar,MH007V053,12/7,wheat,kharif_2024,4.27,5497
FBY64900517,Udant Bajwa,MH005V054,463/1,pulse,kharif_2024,3.98,6061
FBY321952849,Arya Panchal,MH009V055,468/8,jowar,rabi_2023,3.57,5835
FBY903546807,Dipta Dash,MH004V059,109/1,jowar,rabi_2023,6.0,1828
FBY123192647,Eta Rau,MH010V060,129/3,wheat,rabi_2023,0.13,2801
FBY941984400,Girik Keer,MH002V064,382/6,wheat,kharif_2024,4.05,3131
FBY481356495,Hredhan Sandal,MH009V067,81/6,jowar,kharif_2023,0.99,6105
FBY225633104,Zaid Dara,MH004V068,57/5,sugarcane,kharif_2023,4.14,8972
FBY95726788,Anvi Sarraf,MH004V071,203/5,cotton,kharif_2023,2.46,6562
FBY57134478,Lajita Sood,MH004V075,313/3,jowar,kharif_2023,3.45,6962
FBY690443575,Oni Yohannan,MH002V076,371/3,rice,rabi_2024,2.46,6461
FBY307404065,Vedika Balakrishnan,MH009V077,360/9,bajra,rabi_2023,1.61,2531
FBY893535472,Krishna Shenoy,MH007V079,146/8,cotton,rabi_2024,2.43,4833
FBY975592674,Sha Siddharth,MH010V080,247/6,rice,rabi_2023,1.17,2680
FBY446919098,Bumb Zayyan,MH001V081,121/7,jowar,kharif_2024,2.53,2337
FBY712547261,Deepa Chokshi,MH009V085,357/8,soybean,kharif_2023,1.61,3986
FBY245966210,Idika Walia,MH006V087,218/2,soybean,kharif_2024,3.97,8055
FBY296561944,Advik Salvi,MH001V088,141/1,bajra,rabi_2024,5.57,2229
FBY54370378,Michael Saran,MH001V089,228/2,jowar,kharif_2023,4.02,3255
FBY447879820,U. Sarin,MH008V090,103/2,rice,kharif_2023,1.57,3223
