beneficiary_no,name,father_name,mobile,bank_acct_last4,village,district,land_ha
PMK29091632,Y. Bala,Oni Kannan,9692749116,4150,MH008V002,Latur,4.38
PMK52789827,Abeer Dutta,Harini Mall,7781802744,5010,MH004V003,Nagpur,5.43
PMK99058549,G. Chaudry,Lajita Chatterjee,8171069472,4483,MH001V004,Pune,6.48
PMK97133095,Janaki Handa,Chakradev Kari,9415143362,8433,MH009V006,Jalgaon,6.06
PMK31157679,Nicholas Prabhakar,,,7932,MH003V008,Aurangabad,1.2
PMK92549289,Shanker Meghana,Alka Dewan,9278575192,8886,MH009V012,Jalgaon,6.72
PMK25004300,Y. Cherian,Yashica Issac,8236843584,6974,MH006V018,Solapur,4.74
PMK49444446,Janani Mohaney,Dalbir Khosla,8399147754,5573,MH001V020,Pune,5.35
PMK76582679,N. Lanka,Siddharth Zacharia,7437064353,5920,MH002V022,Nashik,7.6
PMK18447541,Devika Rastogi,Raksha Varughese,7751397897,8618,MH005V023,Kolhapur,2.44
PMK86542130,Ganga Bobal,Arya Sunder,7620332086,5499,MH005V026,Kolhapur,6.06
PMK57915145,Kibe Urvashi,Niharika Gupta,8537656494,8633,MH003V027,Aurangabad,5.71
PMK1083792,Raagini Pandya,Nirja Sibal,7902638839,4613,MH007V028,Amravati,6.86
PMK92027739,Guneet Bhat,Harinakshi Chopra,9790147183,8564,MH007V029,Amravati,4.82
PMK64740662,Girik Khalsa,Niharika Sunder,7497897455,6590,MH001V032,Pune,2.91
PMK27358942,Nandini Bhargava,Ladli Agate,7967797300,8921,MH009V033,Jalgaon,7.73
PMK40435523,Suhani Mangal,Vidhi Dubey,,6576,MH008V034,Latur,6.84
PMK27701981,Teerth Bhardwaj,Dipta Bhandari,,4986,MH008V035,Latur,3.7
PMK46941599,Yadavi Wali,Dakshesh Trivedi,7306785808,9779,MH005V036,Kolhapur,2.16
PMK4249010,Elijah Andra,Harish Borah,8135046782,5632,MH008V040,Latur,5.58
PMK21195815,Kala Mane,Raksha Mittal,7368830491,4750,MH001V042,Pune,7.14
PMK69198531,Chandani Chawla,Aishani D’Alia,8538460431,2713,MH008V043,Latur,7.76
PMK25245706,Nachiket Magar,Shivansh Oza,7985758835,8569,MH002V044,Nashik,7.77
PMK51074556,Yashasvi Suresh,Charan Chanda,9130998324,3594,MH005V045,Kolhapur,3.62
PMK60492912,Neel Sathe,,9579476614,6654,MH005V047,Kolhapur,6.73
PMK25025338,B. Pingle,Qushi Datta,8812630453,9115,MH008V048,Latur,5.7
PMK2224351,Irya Ray,Warjas Gaba,9901834280,2612,MH004V050,Nagpur,5.12
PMK36544280,Nitara Bakshi,Gaurangi Sabharwal,7832077572,3785,MH003V051,Aurangabad,2.1
PMK30578723,Amara nutta,Lavanya Barad,9574303740,5901,MH008V052,Latur,7.23
PMK77740212,Tristan Iyengar,Inaya Mody,7417001612,5497,MH007V053,Amravati,4.66
PMK14247900,U. Bajwa,Mohini Narasimhan,7204328975,6061,MH005V054,Kolhapur,5.49
PMK19583293,Arya Panchal,Garima Bala,9375919523,5835,MH009V055,Jalgaon,4.11
PMK34956007,Vaidya Rajata,Lekha Gupta,,5986,MH005V057,Kolhapur,5.26
PMK37366900,R. Agarwal,,9841183219,8264,MH008V058,Latur,5.0
PMK78455134,Dash Dipta,Yashica More,9811642514,1828,MH004V059,Nagpur,7.75
PMK20166709,Eta Rau,Joshua Handa,9680051935,2801,MH010V060,Satara,0.22
PMK67770551,Yasti Solanki,Frado Mander,8584853393,7779,MH002V063,Nashik,6.85
PMK82046710,Girik Keer,Umang Issac,8203685265,3131,MH002V064,Nashik,6.69
PMK49621760,Hredhaan Sandal,,8466034277,6105,MH009V067,Jalgaon,1.88
PMK43078457,Zaid Dara,,8561616250,8972,MH004V068,Nagpur,6.09
PMK43614153,Anvi Sarraf,Bhavika Keer,7184446671,6562,MH004V071,Nagpur,3.6
PMK61479177,Ojasvi Bhatia,Osha Ramachandran,,8368,MH010V074,Satara,4.16
PMK12416290,Vedika Balakrishnan,,,2531,MH009V077,Jalgaon,3.14
PMK38095332,Zayyan Bumb,Anirudh Zacharia,7501538092,2337,MH001V081,Pune,3.44
PMK435736,U. Biswas,Azaan Kota,9120405269,3449,MH008V082,Latur,3.7
PMK30939182,Udyati Kunda,Oliver Contractor,8372354893,6850,MH008V084,Latur,0.54
PMK59703221,I. Walia,Kamala Biswas,9880697625,8055,MH006V087,Solapur,7.41
PMK88850945,Michael Saran,Anamika Yohannan,8499446327,3255,MH001V089,Pune,4.92
PMK70530003,A. Seshadri,Ucchal Raghavan,9864299201,6922,MH009V091,Jalgaon,2.46
PMK10333657,Warda Nair,Vinaya Kala,7871880418,7730,MH002V092,Nashik,0.71
